Workbook

Sheet Итого
A1: Итого: стоимость Claude API для хаба в месяц
A2: ="Расчёт для модели: "&Тарифы!B10&IF(Тарифы!B15=1," (Batch API −50%)","")
A4: Модуль | B4: В месяц, $ | C4: В год, $
A5: Закупки / Отборки | B5: =Отборки!G10 | C5: =B5*12
A6: Другие модули (WB-карточки, Аналитика, Ценообразование) | B6: ='Другие модули'!F10 | C6: =B6*12
A7: ВСЕГО | B7: =B5+B6 | C7: =B7*12
A9: Те же объёмы на разных моделях (с учётом Batch API, если включён на листе «Тарифы»)
A10: Модель | B10: В месяц, $ | C10: В год, $ | E10: Токенов в месяц: вход | F10: =Отборки!H10+'Другие модули'!G10
A11: =Тарифы!A5 | B11: =($F$10*Тарифы!B5+$F$11*Тарифы!C5)/1000000*Тарифы!$B$16 | C11: =B11*12 | E11: Токенов в месяц: выход | F11: =Отборки!I10+'Другие модули'!H10
A12: =Тарифы!A6 | B12: =($F$10*Тарифы!B6+$F$11*Тарифы!C6)/1000000*Тарифы!$B$16 | C12: =B12*12
A13: =Тарифы!A7 | B13: =($F$10*Тарифы!B7+$F$11*Тарифы!C7)/1000000*Тарифы!$B$16 | C13: =B13*12
A14: =Тарифы!A8 | B14: =($F$10*Тарифы!B8+$F$11*Тарифы!C8)/1000000*Тарифы!$B$16 | C14: =B14*12
A16: Что НЕ вошло: разработка, хостинг (Vercel/сервер), база данных, WB API, фото-обработка, веб-поиск для дайджеста, повторные запуски и тестирование.
A17: Допущения (жёлтые ячейки на листах) нужно уточнить: число прайсов в месяц, размер файлов, доля новых форматов, выбор модели.

Sheet Тарифы
A1: Тарифы Claude API, $ за 1 млн токенов
A2: Источник: справочник Claude API (цены на 2026-09-25). Перед показом сверить с актуальным прайсом Anthropic.
A4: Модель | B4: Вход, $/1М | C4: Выход, $/1М
A5: Haiku 4.5 | B5: 1 | C5: 5
A6: Sonnet 5.5 | B6: 2 | C6: 10
A7: Opus 5.5 | B7: 4 | C7: 20
A8: Fable 5.1 | B8: 10 | C8: 50
A10: Выбранная модель для расчёта | B10: Sonnet 5.5 | C10: ← выберите из списка выше (Haiku 4.5 / Sonnet 5.5 / Opus 5.5 / Fable 5.1)
A11: Цена входа выбранной модели, $/1М | B11: =INDEX(B5:B8,MATCH(B10,A5:A8,0))
A12: Цена выхода выбранной модели, $/1М | B12: =INDEX(C5:C8,MATCH(B10,A5:A8,0))
A14: Скидка Batch API (асинхронная обработка, несрочные задачи) | B14: 0.5 | C14: доля от обычной цены: 0,5 = −50%
A15: Использовать Batch API? (1 — да, 0 — нет) | B15: 0
A16: Множитель цены | B16: =IF(B15=1,B14,1)

Sheet Отборки
A1: Модуль «Закупки / Отборки»: стоимость Claude API
A2: Решение «брать/не брать» принимают правила (бесплатно). Claude нужен для 3 вещей ниже. Токены — оценка, проверить на реальных прайсах (messages.count_tokens).
A3: Файлов (прайсов) в месяц | B3: 50
A4: Позиций (строк) в среднем файле | B4: 50000
A6: Шаг | B6: Вход, токенов | C6: Выход, токенов | D6: Доля файлов, где нужен шаг | E6: Стоимость 1 вызова, $ | F6: На 1 файл, $ | G6: За месяц, $ | H6: Вход за месяц, токенов | I6: Выход за месяц, токенов
A7: 1. Разбор нового формата прайса (какая колонка что значит) — только для новых поставщиков/форматов | B7: 6000 | C7: 1000 | D7: 0.1 | E7: =(B7*Тарифы!$B$11+C7*Тарифы!$B$12)/1000000*Тарифы!$B$16 | F7: =E7*D7 | G7: =F7*$B$3 | H7: =B7*D7*$B$3 | I7: =C7*D7*$B$3
A8: 2. Сопоставление неизвестных категорий и названий со справочником (список справочника + уникальные значения) | B8: 18000 | C8: 2000 | D8: 1 | E8: =(B8*Тарифы!$B$11+C8*Тарифы!$B$12)/1000000*Тарифы!$B$16 | F8: =E8*D8 | G8: =F8*$B$3 | H8: =B8*D8*$B$3 | I8: =C8*D8*$B$3
A9: 3. Текст «Почему» по группам товаров (не по каждой строке) | B9: 20000 | C9: 6000 | D9: 1 | E9: =(B9*Тарифы!$B$11+C9*Тарифы!$B$12)/1000000*Тарифы!$B$16 | F9: =E9*D9 | G9: =F9*$B$3 | H9: =B9*D9*$B$3 | I9: =C9*D9*$B$3
A10: ИТОГО Отборки | F10: =SUM(F7:F9) | G10: =SUM(G7:G9) | H10: =SUM(H7:H9) | I10: =SUM(I7:I9)
A12: Для сравнения: «Почему» на КАЖДУЮ строку вместо групп (дороже, не рекомендуется)
A13: Вход на строку, токенов | B13: 150
A14: Выход на строку, токенов | B14: 60
A15: Стоимость одного файла при «Почему» по каждой строке, $ | B15: =$B$4*(B13*Тарифы!$B$11+B14*Тарифы!$B$12)/1000000*Тарифы!$B$16
A16: Во сколько раз дороже, чем по группам (шаг 3) | B16: =B15/E9
A18: Сценарии по числу файлов в месяц (выбранная модель)
A19: Сценарий | B19: Файлов в месяц | C19: Стоимость в месяц, $ | D19: Стоимость в год, $
A20: Мало | B20: 20 | C20: =$F$10*B20 | D20: =C20*12
A21: Средне | B21: 60 | C21: =$F$10*B21 | D21: =C21*12
A22: Много | B22: 150 | C22: =$F$10*B22 | D22: =C22*12

Sheet Другие модули
A1: Остальные модули (ориентировочно, модулей ещё нет — допущения)
A2: Фото и веб-поиск в расчёт НЕ включены: стоимость токенов изображений и инструмента поиска нужно проверить отдельно.
A4: Модуль / параметр | B4: Значение | C4: Вход, токенов на вызов | D4: Выход, токенов на вызов | E4: Вызовов в месяц | F4: Стоимость в месяц, $ | G4: Вход за месяц, токенов | H4: Выход за месяц, токенов
A5: WB-карточки: описание и SEO (вызов = 1 карточка; карточек в месяц — в колонке E) | C5: 1500 | D5: 600 | E5: 2000 | F5: =E5*(C5*Тарифы!$B$11+D5*Тарифы!$B$12)/1000000*Тарифы!$B$16 | G5: =E5*C5 | H5: =E5*D5
A6: Аналитика / дайджест: сводка по категории (категорий — в колонке B) | B6: 10 | C6: 30000 | D6: 3000 | E6: =B6*B7 | F6: =E6*(C6*Тарифы!$B$11+D6*Тарифы!$B$12)/1000000*Тарифы!$B$16 | G6: =E6*C6 | H6: =E6*D6
A7: запусков дайджеста в месяц | B7: 4
A8: Ценообразование: рекомендация по категории (категорий — в колонке B) | B8: 10 | C8: 10000 | D8: 1500 | E8: =B8*B9 | F8: =E8*(C8*Тарифы!$B$11+D8*Тарифы!$B$12)/1000000*Тарифы!$B$16 | G8: =E8*C8 | H8: =E8*D8
A9: запусков в месяц | B9: 4
A10: ИТОГО другие модули | F10: =F5+F6+F8 | G10: =G5+G6+G8 | H10: =H5+H6+H8
